{
  "image_path": "assets/rosto3d.png",
  "output_directory": "assets",
  "timestamp": 1754042567.075676,
  "face_detected": true,
  "landmarks_count": 478,
  "features": {
    "eyes": {
      "left_openness": 0.2575840140350904,
      "right_openness": 0.26514600453691917,
      "average_openness": 0.2613650092860048,
      "is_blinking": false
    },
    "mouth": {
      "width": 86.33075929238663,
      "height": 90.60905032059435,
      "aspect_ratio": 1.0495569720835876,
      "is_open": true
    }
  },
  "contours": {
    "left_eye": [
      [
        204,
        267
      ],
      [
        208,
        270
      ],
      [
        214,
        273
      ],
      [
        221,
        275
      ],
      [
        233,
        276
      ],
      [
        245,
        275
      ],
      [
        256,
        274
      ],
      [
        263,
        273
      ],
      [
        267,
        272
      ],
      [
        263,
        267
      ],
      [
        254,
        262
      ],
      [
        242,
        258
      ],
      [
        230,
        257
      ],
      [
        218,
        259
      ],
      [
        211,
        262
      ],
      [
        207,
        265
      ]
    ],
    "right_eye": [
      [
        354,
        272
      ],
      [
        357,
        273
      ],
      [
        364,
        274
      ],
      [
        374,
        275
      ],
      [
        384,
        276
      ],
      [
        396,
        275
      ],
      [
        404,
        273
      ],
      [
        410,
        271
      ],
      [
        416,
        267
      ],
      [
        412,
        265
      ],
      [
        408,
        262
      ],
      [
        400,
        259
      ],
      [
        389,
        257
      ],
      [
        378,
        259
      ],
      [
        366,
        263
      ],
      [
        358,
        269
      ]
    ],
    "mouth": [
      [
        248,
        432
      ],
      [
        291,
        458
      ],
      [
        311,
        460
      ],
      [
        330,
        459
      ],
      [
        347,
        454
      ],
      [
        356,
        441
      ],
      [
        363,
        436
      ],
      [
        366,
        439
      ],
      [
        359,
        446
      ],
      [
        365,
        432
      ],
      [
        356,
        432
      ],
      [
        348,
        432
      ],
      [
        338,
        432
      ],
      [
        325,
        432
      ],
      [
        311,
        432
      ],
      [
        295,
        432
      ],
      [
        282,
        432
      ],
      [
        271,
        432
      ],
      [
        263,
        432
      ]
    ],
    "nose": [
      [
        307,
        362
      ],
      [
        307,
        374
      ],
      [
        308,
        328
      ],
      [
        307,
        348
      ],
      [
        309,
        279
      ],
      [
        309,
        260
      ],
      [
        309,
        240
      ],
      [
        309,
        221
      ],
      [
        312,
        157
      ],
      [
        311,
        190
      ],
      [
        308,
        311
      ],
      [
        308,
        296
      ],
      [
        295,
        299
      ],
      [
        295,
        313
      ],
      [
        294,
        329
      ],
      [
        261,
        355
      ],
      [
        270,
        351
      ],
      [
        270,
        341
      ],
      [
        282,
        334
      ],
      [
        258,
        353
      ],
      [
        260,
        347
      ],
      [
        281,
        349
      ]
    ],
    "left_eyebrow": [
      [
        184,
        240
      ],
      [
        198,
        230
      ],
      [
        218,
        225
      ],
      [
        294,
        329
      ],
      [
        261,
        355
      ],
      [
        270,
        351
      ],
      [
        270,
        341
      ],
      [
        282,
        334
      ],
      [
        258,
        353
      ],
      [
        260,
        347
      ],
      [
        281,
        349
      ],
      [
        339,
        366
      ],
      [
        427,
        220
      ],
      [
        405,
        212
      ],
      [
        376,
        214
      ],
      [
        343,
        220
      ]
    ],
    "right_eyebrow": [
      [
        338,
        240
      ],
      [
        373,
        226
      ],
      [
        400,
        224
      ],
      [
        420,
        229
      ],
      [
        434,
        240
      ],
      [
        439,
        258
      ],
      [
        449,
        255
      ],
      [
        442,
        235
      ],
      [
        460,
        251
      ],
      [
        362,
        496
      ],
      [
        386,
        190
      ],
      [
        420,
        196
      ],
      [
        441,
        209
      ],
      [
        453,
        228
      ]
    ]
  },
  "files_generated": [
    "rosto3d_mask_hull.png",
    "rosto3d_mask_outline.png",
    "rosto3d_mask_artistic.png",
    "rosto3d_debug.png"
  ]
}